Player Name,ID,2017,2018,2019,2020,2021,2022,2016
A Lyth,70b8fd28,NA,NA,NA,Multan Sultans,NA,NA,NA
Aamer Azmat,935678ee,NA,NA,NA,NA,NA,Multan Sultans,NA
Aamer Yamin,907d6e58,Lahore Qalandars,Lahore Qalandars,Karachi Kings,Karachi Kings,Karachi Kings,Karachi Kings,Peshawar Zalmi
AB de Villiers,c4487b84,NA,NA,Lahore Qalandars,NA,NA,NA,NA
Abbas Afridi,2cec2a92,NA,NA,NA,NA,Karachi Kings,Multan Sultans,NA
Abdul Bangalzai,0251a22f,NA,NA,NA,NA,NA,Quetta Gladiators,NA
Abdul Nasir,494a0503,NA,NA,NA,Quetta Gladiators,Quetta Gladiators,NA,NA
Abdullah Shafique,fc2fffb5,NA,NA,NA,NA,NA,Lahore Qalandars,NA
Abdur Rehman,d094e7d1,NA,NA,NA,NA,NA,NA,Peshawar Zalmi
Abrar Ahmed,abb7c76c,Karachi Kings,NA,NA,NA,Peshawar Zalmi,NA,NA
AD Hales,92aeac25,NA,Islamabad United,Islamabad United,Karachi Kings,Islamabad United,Islamabad United,NA
AD Russell,bbd41817,NA,Islamabad United,Multan Sultans,NA,Quetta Gladiators,NA,Islamabad United
Adil Amin,87addb93,NA,NA,NA,Peshawar Zalmi,NA,NA,NA
Adnan Rasool,b8a75ca8,NA,NA,NA,NA,NA,NA,Lahore Qalandars
ADS Fletcher,1bae756b,NA,Peshawar Zalmi,Peshawar Zalmi,NA,NA,NA,NA
Agha Salman,89c16049,NA,Lahore Qalandars,Lahore Qalandars,NA,Lahore Qalandars,NA,NA
Ahmed Daniyal,9656afbf,NA,NA,NA,NA,Lahore Qalandars,NA,NA
Ahmed Safi Abdullah,fb23118c,NA,NA,NA,Islamabad United,NA,NA,NA
Ahmed Shehzad,f8fd6e3f,Quetta Gladiators,Multan Sultans,Quetta Gladiators,Quetta Gladiators,NA,NA,Quetta Gladiators
Ahsan Ali,dc2abe5e,NA,NA,Quetta Gladiators,Quetta Gladiators,NA,Quetta Gladiators,NA
Aizaz Cheema,5441db8c,NA,NA,Lahore Qalandars,NA,NA,NA,Quetta Gladiators
Akbar-ur-Rehman,1a772306,NA,NA,NA,NA,NA,NA,Quetta Gladiators
Akif Javed,99d7d5b7,NA,NA,NA,Islamabad United,Islamabad United,NA,NA
Ali Khan,b0eaaac6,NA,NA,NA,Karachi Kings,Islamabad United,NA,NA
Ali Majid,0e9b0f64,NA,NA,NA,NA,NA,Peshawar Zalmi,NA
Ali Shafiq,7873a628,NA,NA,Multan Sultans,Multan Sultans,NA,NA,NA
Amad Butt,c6a1b1bb,Islamabad United,Islamabad United,Islamabad United,Islamabad United,Peshawar Zalmi,Peshawar Zalmi,NA
Anamul Haque,72b245dd,Quetta Gladiators,NA,NA,NA,NA,NA,NA
Anwar Ali,eb2d5fe7,Quetta Gladiators,Quetta Gladiators,Quetta Gladiators,Quetta Gladiators,Quetta Gladiators,Multan Sultans,Quetta Gladiators
AP Devcich,ed90abe4,NA,Lahore Qalandars,Lahore Qalandars,NA,NA,NA,NA
Arish Ali,1e9b3b23,NA,NA,NA,NA,Quetta Gladiators,Peshawar Zalmi,NA
Arshad Iqbal,ed031922,NA,NA,NA,Karachi Kings,Karachi Kings,Peshawar Zalmi,NA
Asad Shafiq,50250426,Quetta Gladiators,Quetta Gladiators,NA,Multan Sultans,NA,NA,Quetta Gladiators
Ashar Zaidi,9bab2b81,NA,NA,NA,NA,NA,NA,Islamabad United
Ashir Qureshi,ed54033c,NA,NA,NA,NA,NA,Quetta Gladiators,NA
Asif Afridi,9489623e,NA,NA,NA,NA,NA,Multan Sultans,NA
Asif Ali,0a4736eb,Islamabad United,Islamabad United,Islamabad United,Islamabad United,Islamabad United,Islamabad United,Islamabad United
Athar Mahmood,55d3d4e8,NA,NA,NA,NA,NA,Islamabad United,NA
AW Summers,a35c119e,NA,NA,Karachi Kings,NA,NA,NA,NA
Awais Zia,5c88fab9,NA,NA,Karachi Kings,NA,NA,NA,NA
Azam Khan,ee8f1a6d,NA,NA,Quetta Gladiators,Quetta Gladiators,Quetta Gladiators,Islamabad United,NA
Azhar Ali,211de69f,NA,NA,NA,NA,NA,NA,Lahore Qalandars
Azhar Mahmood,9a158001,NA,NA,NA,NA,NA,NA,Islamabad United
B Laughlin,b2a79f17,NA,Quetta Gladiators,NA,NA,NA,NA,NA
B Muzarabani,449f4e3c,NA,NA,NA,NA,Multan Sultans,Multan Sultans,NA
BA King,7fca84b7,NA,NA,NA,NA,Islamabad United,NA,NA
Babar Azam,8a75e999,Karachi Kings,Karachi Kings,Karachi Kings,Karachi Kings,Karachi Kings,Karachi Kings,Islamabad United
BAC Howell,0bec3a6c,NA,NA,NA,NA,NA,Peshawar Zalmi,NA
BAW Mendis,ea0cdc12,NA,NA,NA,NA,NA,NA,Lahore Qalandars
BB McCullum,b8a55852,Lahore Qalandars,Lahore Qalandars,NA,NA,NA,NA,NA
BCJ Cutting,2e11c706,NA,NA,NA,Quetta Gladiators,Quetta Gladiators,Peshawar Zalmi,NA
Bilal Asif,f3be8d36,NA,Lahore Qalandars,NA,NA,NA,NA,NA
Bilawal Bhatti,7662cf7a,Lahore Qalandars,NA,NA,Multan Sultans,NA,NA,Karachi Kings
Bismillah Khan,d3cefce5,NA,NA,NA,NA,NA,NA,Quetta Gladiators
BJ Haddin,b0c772ee,Islamabad United,NA,NA,NA,NA,NA,Islamabad United
BJ Hodge,b57f8a9a,NA,NA,NA,NA,NA,NA,Peshawar Zalmi
BM Duckett,5f26f677,Islamabad United,NA,NA,NA,NA,Quetta Gladiators,NA
BR Dunk,272d796e,NA,NA,Karachi Kings,Lahore Qalandars,Lahore Qalandars,Lahore Qalandars,NA
BRM Taylor,53597be1,NA,NA,Lahore Qalandars,NA,NA,NA,NA
C Munro,af2c687b,NA,NA,Karachi Kings,Islamabad United,Islamabad United,Islamabad United,NA
CA Ingram,c995d726,NA,Karachi Kings,Karachi Kings,Islamabad United,Karachi Kings,NA,NA
CA Lynn,45eda7c8,NA,NA,NA,Lahore Qalandars,Multan Sultans,NA,NA
CAK Walton,bbff906c,NA,Islamabad United,Islamabad United,Karachi Kings,Karachi Kings,NA,NA
CH Gayle,db584dad,Karachi Kings,NA,NA,NA,Quetta Gladiators,NA,Lahore Qalandars
CJ Anderson,8abdf100,NA,NA,Lahore Qalandars,NA,NA,NA,NA
CJ Green,19b9f399,NA,NA,Multan Sultans,NA,NA,NA,NA
CJ Jordan,ffe699c0,Peshawar Zalmi,Peshawar Zalmi,Peshawar Zalmi,Karachi Kings,NA,Karachi Kings,NA
CR Brathwaite,e342e5fb,NA,NA,Lahore Qalandars,Peshawar Zalmi,Multan Sultans,NA,NA
CS Delport,afa78c3a,Lahore Qalandars,Lahore Qalandars,Islamabad United,Karachi Kings,Quetta Gladiators,NA,Lahore Qalandars
D Foxcroft,ed6894af,NA,NA,NA,NA,NA,Lahore Qalandars,NA
D Ramdin,d1523761,NA,Lahore Qalandars,NA,NA,NA,NA,NA
D Wiese,aa8d28ae,NA,Karachi Kings,Lahore Qalandars,Lahore Qalandars,Lahore Qalandars,Lahore Qalandars,NA
DA Miller,d67d5f00,NA,NA,NA,NA,Peshawar Zalmi,NA,NA
Danish Aziz,a4799701,NA,Karachi Kings,Quetta Gladiators,NA,Karachi Kings,Islamabad United,NA
DAS Gunaratne,770494eb,NA,NA,Lahore Qalandars,NA,NA,NA,NA
Dilbar Hussain,a968d8eb,NA,NA,NA,Lahore Qalandars,NA,NA,NA
DJ Bravo,87e562a9,NA,NA,Quetta Gladiators,NA,NA,NA,Lahore Qalandars
DJ Malan,ad9c32a2,Peshawar Zalmi,NA,Peshawar Zalmi,Islamabad United,NA,NA,Peshawar Zalmi
DJ Vilas,087210b1,NA,NA,NA,Lahore Qalandars,NA,NA,NA
DJ Willey,7f048519,NA,NA,NA,NA,NA,Multan Sultans,NA
DJG Sammy,c03c6200,Peshawar Zalmi,Peshawar Zalmi,Peshawar Zalmi,Peshawar Zalmi,NA,NA,Peshawar Zalmi
DM Bravo,14b14cd8,NA,Multan Sultans,NA,NA,NA,NA,NA
DPMD Jayawardene,d18f9182,Karachi Kings,NA,NA,NA,NA,NA,NA
DR Smith,35205dfc,Islamabad United,Peshawar Zalmi,Quetta Gladiators,NA,NA,NA,Islamabad United
DT Christian,2a2e6343,NA,NA,Multan Sultans,NA,Karachi Kings,NA,NA
DW Steyn,8fd1a8f5,NA,NA,NA,Islamabad United,Quetta Gladiators,NA,NA
E Chigumbura,d2babdd5,NA,NA,NA,NA,NA,NA,Quetta Gladiators
Ehsan Adil,210b05cb,NA,NA,NA,NA,NA,NA,Lahore Qalandars
EJG Morgan,d2a6c0e6,Peshawar Zalmi,Karachi Kings,NA,NA,NA,NA,NA
F du Plessis,3355b542,NA,NA,NA,Peshawar Zalmi,Quetta Gladiators,NA,NA
FA Allen,b52ffbbd,NA,NA,NA,NA,Peshawar Zalmi,NA,NA
Faheem Ashraf,bd4ea627,NA,Islamabad United,Islamabad United,Islamabad United,Islamabad United,Islamabad United,NA
Faizan Khan,9e44e6fd,NA,NA,NA,Lahore Qalandars,NA,NA,NA
Fakhar Zaman,1777c020,Lahore Qalandars,Lahore Qalandars,Lahore Qalandars,Lahore Qalandars,Lahore Qalandars,Lahore Qalandars,NA
Fawad Ahmed,22ae3041,NA,NA,Quetta Gladiators,Quetta Gladiators,Islamabad United,Lahore Qalandars,NA
Gauhar Ali,86b6e495,NA,NA,Lahore Qalandars,NA,NA,NA,NA
GC Viljoen,a316d663,NA,Multan Sultans,Lahore Qalandars,Peshawar Zalmi,NA,NA,NA
GD Elliott,c03449e0,Lahore Qalandars,NA,NA,NA,NA,NA,Quetta Gladiators
Ghulam Mudassar,667f678b,Lahore Qalandars,NA,Quetta Gladiators,NA,NA,Quetta Gladiators,NA
Gulraiz Sadaf,ebd1ab1f,NA,Lahore Qalandars,NA,NA,NA,NA,NA
Haider Ali,c13e34f4,NA,NA,NA,Peshawar Zalmi,Peshawar Zalmi,Peshawar Zalmi,NA
Hammad Azam,57bd3ecc,NA,Peshawar Zalmi,Multan Sultans,Peshawar Zalmi,Multan Sultans,NA,Lahore Qalandars
Haris Rauf,24bb1c2f,NA,NA,Lahore Qalandars,Lahore Qalandars,Lahore Qalandars,Lahore Qalandars,NA
Haris Sohail,7cd0a092,Peshawar Zalmi,Peshawar Zalmi,Lahore Qalandars,NA,NA,NA,NA
Hasan Ali,2911de16,Peshawar Zalmi,Peshawar Zalmi,Peshawar Zalmi,Peshawar Zalmi,Islamabad United,Islamabad United,Peshawar Zalmi
Hassan Khan,486065b3,Quetta Gladiators,Quetta Gladiators,Lahore Qalandars,NA,Quetta Gladiators,Quetta Gladiators,NA
Hazratullah,5ea51c25,NA,NA,NA,NA,Peshawar Zalmi,Peshawar Zalmi,NA
HC Brook,4ae1755b,NA,NA,NA,NA,NA,Lahore Qalandars,NA
HF Gurney,e412cb64,NA,NA,Quetta Gladiators,NA,NA,NA,NA
Hussain Talat,bb4b445b,Islamabad United,Islamabad United,Islamabad United,Islamabad United,Islamabad United,Peshawar Zalmi,NA
IA Cockbain,542fd5a6,NA,NA,NA,NA,NA,Karachi Kings,NA
Ibtisam Sheikh,a6fc52a9,NA,Peshawar Zalmi,Peshawar Zalmi,NA,NA,NA,NA
Iftikhar Ahmed,29e253dd,Peshawar Zalmi,Islamabad United,Karachi Kings,Karachi Kings,Islamabad United,Quetta Gladiators,Karachi Kings
Ihsanullah,c290033d,NA,NA,NA,NA,NA,Multan Sultans,NA
Imad Wasim,9cb8d7a6,Karachi Kings,Karachi Kings,Karachi Kings,Karachi Kings,Karachi Kings,Karachi Kings,Karachi Kings
Imam-ul-Haq,40c041ea,NA,NA,Peshawar Zalmi,Peshawar Zalmi,Peshawar Zalmi,NA,NA
Imran Khalid,b8eddbdb,Islamabad United,NA,NA,NA,NA,NA,Islamabad United
Imran Khan (1),195fb6db,Peshawar Zalmi,Lahore Qalandars,NA,NA,NA,NA,Peshawar Zalmi
Imran Khan (2),2b0f2af3,NA,NA,NA,NA,Multan Sultans,Multan Sultans,NA
Imran Tahir,acee4cc4,NA,Multan Sultans,NA,Multan Sultans,Multan Sultans,Multan Sultans,NA
IR Bell,33155d1b,NA,NA,Islamabad United,NA,NA,NA,NA
J Allenby,7d5e0b78,NA,NA,NA,NA,NA,NA,Peshawar Zalmi
J Charles,09a9d073,NA,NA,Multan Sultans,NA,Multan Sultans,Multan Sultans,NA
J Weatherald,edc7ddb6,NA,NA,NA,NA,Quetta Gladiators,NA,NA
JA Thompson,1d2f290a,NA,NA,NA,NA,NA,Karachi Kings,NA
JC Archer,5574750c,NA,Quetta Gladiators,NA,NA,NA,NA,NA
JD Wildermuth,f1c61793,NA,NA,NA,NA,Quetta Gladiators,NA,NA
JJ Roy,d1c36f5c,Lahore Qalandars,Quetta Gladiators,NA,Quetta Gladiators,NA,Quetta Gladiators,NA
JL Denly,bdadf7da,NA,Karachi Kings,NA,NA,Lahore Qalandars,NA,NA
JM Bairstow,abb83e27,NA,NA,NA,NA,NA,NA,Peshawar Zalmi
JM Clarke,2eca67f5,NA,NA,NA,NA,Karachi Kings,Karachi Kings,NA
JM Vince,a15618fe,NA,NA,Multan Sultans,Multan Sultans,Multan Sultans,Quetta Gladiators,Karachi Kings
JP Duminy,2e8994e7,NA,Islamabad United,NA,NA,NA,NA,NA
JP Faulkner,808f425a,NA,NA,NA,NA,Lahore Qalandars,Quetta Gladiators,NA
Junaid Khan,086f5984,Peshawar Zalmi,Multan Sultans,Multan Sultans,Multan Sultans,NA,NA,Peshawar Zalmi
JW Hastings,012829ff,NA,Quetta Gladiators,NA,NA,NA,NA,NA
JW Wells,8bdac857,NA,NA,NA,NA,Peshawar Zalmi,NA,NA
KA Pollard,a757b0d8,Karachi Kings,Multan Sultans,Peshawar Zalmi,NA,NA,NA,NA
Kamran Akmal,ff077124,Peshawar Zalmi,Peshawar Zalmi,Peshawar Zalmi,Peshawar Zalmi,Peshawar Zalmi,Peshawar Zalmi,Peshawar Zalmi
Kamran Ghulam,35f4cf7e,NA,NA,NA,NA,NA,Lahore Qalandars,Islamabad United
Kashif Bhatti,e93f608d,Karachi Kings,NA,NA,NA,NA,NA,NA
KC Sangakkara,6b71e6cf,Karachi Kings,Multan Sultans,NA,NA,NA,NA,Quetta Gladiators
Khalid Latif,5eea345c,NA,NA,NA,NA,NA,NA,Islamabad United
Khalid Usman,e9ea5eb5,NA,Peshawar Zalmi,NA,NA,Peshawar Zalmi,Peshawar Zalmi,NA
Khurram Manzoor,82c78845,NA,Karachi Kings,NA,Quetta Gladiators,NA,NA,NA
Khurram Shahzad,27c5715d,NA,NA,NA,NA,Quetta Gladiators,Quetta Gladiators,NA
Khushdil Shah,fce581b5,Peshawar Zalmi,Peshawar Zalmi,NA,Multan Sultans,Multan Sultans,Multan Sultans,NA
KJ Abbott,a9da7784,NA,Lahore Qalandars,NA,NA,NA,NA,NA
KK Cooper,557153ca,NA,NA,NA,NA,NA,NA,Lahore Qalandars
KP Pietersen,39f01cdb,Quetta Gladiators,Quetta Gladiators,NA,NA,NA,NA,Quetta Gladiators
L Gregory,06c2de82,NA,NA,NA,Peshawar Zalmi,Islamabad United,Karachi Kings,NA
L Ronchi,0fa5042b,NA,Islamabad United,Islamabad United,Islamabad United,NA,NA,NA
L Wood,65b6943c,NA,NA,NA,NA,NA,Quetta Gladiators,NA
LA Dawson,4a461c24,NA,Peshawar Zalmi,Peshawar Zalmi,Peshawar Zalmi,NA,Islamabad United,NA
LJ Evans,1c513d54,NA,NA,Multan Sultans,NA,NA,NA,NA
LJ Wright,cca50cd6,Quetta Gladiators,NA,NA,NA,NA,NA,Quetta Gladiators
LMP Simmons,89f64c19,NA,Karachi Kings,NA,NA,NA,NA,Karachi Kings
LS Livingstone,50c6bc2b,NA,NA,Karachi Kings,Peshawar Zalmi,NA,Peshawar Zalmi,NA
M de Lange,d4eef961,NA,NA,NA,NA,NA,Islamabad United,NA
Maaz Khan,73a0e5d8,NA,NA,NA,Lahore Qalandars,NA,NA,NA
Mahmudullah,bf1d7d3e,Quetta Gladiators,Quetta Gladiators,NA,NA,NA,NA,NA
MH Wessels,90f47cf2,NA,Peshawar Zalmi,Lahore Qalandars,NA,NA,NA,Karachi Kings
Mir Hamza,cb1a782a,Quetta Gladiators,Quetta Gladiators,NA,NA,NA,Karachi Kings,Karachi Kings
Misbah-ul-Haq,7eae4418,Islamabad United,Islamabad United,Peshawar Zalmi,NA,NA,NA,Islamabad United
MJ Guptill,2be41edb,NA,NA,NA,NA,Karachi Kings,NA,NA
MJ McClenaghan,51a3c5ef,NA,Lahore Qalandars,NA,Karachi Kings,NA,NA,NA
MM Ali,bb351c23,NA,NA,NA,Multan Sultans,NA,NA,NA
MN Samuels,f846de6a,Peshawar Zalmi,NA,NA,NA,NA,NA,NA
MN van Wyk,710dd98c,Quetta Gladiators,NA,NA,NA,NA,NA,NA
Mohammad Abbas,a089f93f,NA,NA,Multan Sultans,NA,NA,NA,NA
Mohammad Amir,e174dadd,Karachi Kings,Karachi Kings,Karachi Kings,Karachi Kings,Karachi Kings,NA,Karachi Kings
Mohammad Amir Khan,72f03be4,NA,NA,NA,Peshawar Zalmi,NA,NA,NA
Mohammad Asghar,574665e2,Peshawar Zalmi,Peshawar Zalmi,NA,NA,NA,NA,Peshawar Zalmi
Mohammad Hafeez,9ab63e7b,Peshawar Zalmi,Peshawar Zalmi,Lahore Qalandars,Lahore Qalandars,Lahore Qalandars,Lahore Qalandars,Peshawar Zalmi
Mohammad Haris,ff3f6fc1,NA,NA,NA,NA,NA,Peshawar Zalmi,NA
Mohammad Hasnain,8596fe80,NA,NA,Quetta Gladiators,Quetta Gladiators,Quetta Gladiators,Quetta Gladiators,NA
Mohammad Huraira,9d2d03ef,NA,NA,NA,NA,NA,Islamabad United,NA
Mohammad Ilyas,bbfa0b42,NA,NA,Multan Sultans,Multan Sultans,Karachi Kings,Karachi Kings,NA
Mohammad Imran,65a2fff5,NA,NA,NA,Peshawar Zalmi,Peshawar Zalmi,Karachi Kings,NA
Mohammad Imran (2),687e20b3,NA,NA,NA,NA,Peshawar Zalmi,NA,NA
Mohammad Irfan,a8e3170f,Islamabad United,Multan Sultans,Multan Sultans,Multan Sultans,Peshawar Zalmi,Quetta Gladiators,Islamabad United
Mohammad Irfan (4),1bf9a8ef,Lahore Qalandars,Karachi Kings,Quetta Gladiators,NA,NA,NA,NA
Mohammad Irfan (5),32885b08,NA,NA,Multan Sultans,NA,NA,NA,NA
Mohammad Mohsin,79f8472d,NA,NA,NA,Peshawar Zalmi,NA,NA,NA
Mohammad Nabi,62af8546,NA,NA,NA,NA,Karachi Kings,Karachi Kings,Quetta Gladiators
Mohammad Nawaz,3086f7a4,Quetta Gladiators,Quetta Gladiators,Quetta Gladiators,Quetta Gladiators,Quetta Gladiators,Quetta Gladiators,Quetta Gladiators
Mohammad Rizwan,2f26ac1a,Lahore Qalandars,Karachi Kings,Karachi Kings,Karachi Kings,Multan Sultans,Multan Sultans,Lahore Qalandars
Mohammad Sami,68ddabdb,Islamabad United,Islamabad United,Islamabad United,NA,NA,NA,Islamabad United
Mohammad Taha,3207b7d2,NA,NA,NA,NA,NA,Karachi Kings,NA
Mohammad Umar,feb6180d,NA,NA,NA,NA,Multan Sultans,Peshawar Zalmi,NA
Mohammad Wasim,9e9af5f2,NA,NA,NA,NA,Islamabad United,Islamabad United,NA
Mubasir Khan,7264b765,NA,NA,NA,NA,NA,Islamabad United,NA
Muhammad Akhlaq,9739e85c,NA,NA,NA,NA,Islamabad United,Islamabad United,NA
Muhammad Faizan,1574f3fe,NA,NA,NA,Lahore Qalandars,Lahore Qalandars,NA,NA
Muhammad Musa,9b8a3c39,NA,NA,Islamabad United,Islamabad United,Islamabad United,Islamabad United,NA
Mujeeb Ur Rahman,7d92277a,NA,NA,NA,NA,Peshawar Zalmi,NA,NA
Mukhtar Ahmed,456f6d99,NA,Karachi Kings,NA,NA,NA,NA,NA
Mushfiqur Rahim,a94e08ea,NA,NA,NA,NA,NA,NA,Karachi Kings
Mustafizur Rahman,0a8fce53,NA,Lahore Qalandars,NA,NA,NA,NA,NA
N Pooran,3241e3fd,Islamabad United,NA,NA,NA,NA,NA,NA
Nabi Gul,bcc154fa,NA,NA,Peshawar Zalmi,NA,NA,NA,NA
Najibullah Zadran,1212cbec,NA,NA,NA,NA,Karachi Kings,NA,NA
Naseem Shah,9c9af282,NA,NA,NA,Quetta Gladiators,Quetta Gladiators,Quetta Gladiators,NA
Nasir Nawaz,13dd482e,NA,NA,Islamabad United,NA,NA,Islamabad United,NA
Nauman Ali,54c58a5e,NA,NA,Multan Sultans,NA,NA,NA,NA
Nauman Anwar,d0540390,NA,NA,NA,NA,NA,NA,Karachi Kings
Naved Yasin,7bc1a2d1,NA,NA,NA,NA,NA,NA,Lahore Qalandars
NL McCullum,5673a3fc,NA,NA,NA,NA,NA,NA,Quetta Gladiators
NLTC Perera,0f12f9df,Quetta Gladiators,Quetta Gladiators,NA,NA,Karachi Kings,NA,NA
Noor Ahmad,efc04be7,NA,NA,NA,NA,Karachi Kings,Quetta Gladiators,NA
PD Salt,3d284ca3,NA,NA,Islamabad United,Islamabad United,Islamabad United,Lahore Qalandars,NA
PR Brown,1efd12d1,NA,NA,NA,NA,NA,Peshawar Zalmi,NA
PR Stirling,cf494ffe,NA,NA,NA,NA,Islamabad United,Islamabad United,NA
Qais Ahmad,8d5d991e,NA,NA,NA,NA,Quetta Gladiators,NA,NA
Qasim Akram,b6359668,NA,NA,NA,NA,Karachi Kings,Karachi Kings,NA
R Powell,650d5e49,NA,NA,NA,NA,Peshawar Zalmi,NA,NA
RA Whiteley,d346d939,NA,Multan Sultans,NA,NA,NA,NA,NA
Rafatullah Mohmand,9211d267,Islamabad United,NA,NA,NA,NA,NA,NA
Rahat Ali,a63775d6,NA,Quetta Gladiators,Lahore Qalandars,Peshawar Zalmi,NA,NA,NA
Rahmanullah Gurbaz,0bacade8,NA,NA,NA,NA,Multan Sultans,Islamabad United,NA
Raja Farzan,38d1def2,NA,NA,NA,Lahore Qalandars,NA,NA,NA
Rameez Raja (2),e191bf68,NA,Quetta Gladiators,NA,NA,NA,NA,NA
Rashid Khan,5f547c8b,NA,NA,NA,NA,Lahore Qalandars,Lahore Qalandars,NA
Raza Hasan,4f7279a4,NA,Lahore Qalandars,NA,NA,NA,NA,NA
Rizwan Hussain,3031bf83,NA,NA,Islamabad United,Islamabad United,NA,NA,NA
RN ten Doeschate,4ec07775,NA,NA,Lahore Qalandars,NA,NA,NA,Karachi Kings
Rohail Nazir,522bea89,NA,NA,NA,Multan Sultans,Islamabad United,Karachi Kings,NA
RR Emrit,e7de4f6b,Quetta Gladiators,NA,NA,NA,NA,NA,NA
RR Rossouw,cad00a4d,Quetta Gladiators,Quetta Gladiators,Quetta Gladiators,Multan Sultans,Multan Sultans,Multan Sultans,NA
RS Bopara,7ca5e05d,Karachi Kings,Karachi Kings,Karachi Kings,Multan Sultans,Peshawar Zalmi,NA,Karachi Kings
Rumman Raees,1c790f4f,Islamabad United,Islamabad United,Islamabad United,Islamabad United,NA,Multan Sultans,Islamabad United
S Badree,76388dc8,Islamabad United,NA,NA,NA,NA,NA,Islamabad United
S Lamichhane,b410bd3d,NA,NA,Lahore Qalandars,NA,NA,NA,NA
S Mahmood,0f6db197,NA,NA,NA,Peshawar Zalmi,Peshawar Zalmi,Peshawar Zalmi,NA
S Prasanna,f78e7113,NA,NA,NA,Lahore Qalandars,NA,NA,NA
Saad Ali,4cbf2e06,NA,NA,Lahore Qalandars,NA,NA,NA,NA
Saad Nasim,3fbb43a9,Quetta Gladiators,Peshawar Zalmi,NA,NA,NA,NA,NA
Sabbir Rahman,7147f314,NA,Peshawar Zalmi,NA,NA,NA,NA,NA
Saeed Ajmal,05d74535,Islamabad United,NA,NA,NA,NA,NA,Islamabad United
Sahibzada Farhan,1aba45cd,NA,Islamabad United,Islamabad United,NA,NA,Karachi Kings,NA
Saif Badar,e5d452d7,NA,Multan Sultans,NA,NA,NA,NA,NA
Saifullah Bangash,feb9238a,NA,NA,NA,NA,NA,NA,Karachi Kings
Saim Ayub,33609a8c,NA,NA,NA,NA,Quetta Gladiators,NA,NA
Salman Butt,4d6d6280,NA,NA,Lahore Qalandars,Lahore Qalandars,NA,NA,NA
Salman Irshad,30afc92b,NA,Lahore Qalandars,NA,Lahore Qalandars,NA,Peshawar Zalmi,NA
Salman Mirza,7ab1eab7,NA,NA,NA,NA,Lahore Qalandars,NA,NA
Sameen Gul,3be224b0,NA,Peshawar Zalmi,Peshawar Zalmi,NA,Peshawar Zalmi,Peshawar Zalmi,NA
Sarfraz Ahmed,2254ab79,Quetta Gladiators,Quetta Gladiators,Quetta Gladiators,Quetta Gladiators,Quetta Gladiators,Quetta Gladiators,Quetta Gladiators
SE Rutherford,d014d5ac,NA,NA,NA,Karachi Kings,Peshawar Zalmi,Peshawar Zalmi,NA
Shadab Khan,9de62878,Islamabad United,Islamabad United,Islamabad United,Islamabad United,Islamabad United,Islamabad United,NA
Shaheen Shah Afridi,45a7e761,NA,Lahore Qalandars,Lahore Qalandars,Lahore Qalandars,Lahore Qalandars,Lahore Qalandars,NA
Shahid Afridi,0dc00542,Peshawar Zalmi,Karachi Kings,Multan Sultans,Multan Sultans,Multan Sultans,Quetta Gladiators,Peshawar Zalmi
Shahid Yousuf,7298fa49,NA,NA,NA,NA,NA,NA,Peshawar Zalmi
Shahnawaz Dhani,7ccbb09f,NA,NA,NA,NA,Multan Sultans,Multan Sultans,NA
Shahzaib Hasan,fd201eb4,Karachi Kings,NA,NA,NA,NA,NA,Karachi Kings
Shakeel Ansar,21d6eb6a,NA,NA,Multan Sultans,NA,NA,NA,NA
Shakib Al Hasan,7dc35884,Peshawar Zalmi,NA,NA,NA,NA,NA,Karachi Kings
Shan Masood,6843a783,NA,NA,Multan Sultans,Multan Sultans,Multan Sultans,Multan Sultans,NA
Sharjeel Khan,193ef196,Islamabad United,NA,NA,Karachi Kings,Karachi Kings,Karachi Kings,Islamabad United
Shoaib Malik,64c34cd0,Karachi Kings,Multan Sultans,Multan Sultans,Peshawar Zalmi,Peshawar Zalmi,Peshawar Zalmi,Karachi Kings
Sikandar Raza,26d041c4,NA,NA,Karachi Kings,NA,NA,NA,NA
SM Ervine,556302a7,Quetta Gladiators,NA,NA,NA,NA,NA,NA
SO Hetmyer,48a1d7b7,NA,NA,NA,NA,Multan Sultans,NA,NA
Sohaib Maqsood,b98b5e1c,Peshawar Zalmi,Multan Sultans,Peshawar Zalmi,Peshawar Zalmi,Multan Sultans,Multan Sultans,Lahore Qalandars
Sohaibullah,6a633d13,NA,NA,NA,NA,Multan Sultans,NA,NA
Sohail Akhtar,1ff2f550,NA,Lahore Qalandars,Lahore Qalandars,Lahore Qalandars,Lahore Qalandars,Lahore Qalandars,NA
Sohail Khan,5af743d0,Karachi Kings,Lahore Qalandars,Karachi Kings,Quetta Gladiators,Multan Sultans,Peshawar Zalmi,Karachi Kings
Sohail Tanvir,64d43928,Lahore Qalandars,Multan Sultans,Quetta Gladiators,Multan Sultans,Multan Sultans,Quetta Gladiators,Karachi Kings
SP Narine,9d430b40,Lahore Qalandars,Lahore Qalandars,NA,NA,NA,NA,NA
SR Patel,18fac429,NA,Islamabad United,Islamabad United,Lahore Qalandars,Lahore Qalandars,Lahore Qalandars,NA
SR Watson,4329fbb5,Islamabad United,Quetta Gladiators,Quetta Gladiators,Quetta Gladiators,NA,NA,Islamabad United
ST Finn,ccdd8308,NA,Islamabad United,NA,NA,NA,NA,NA
SW Billings,c16d4035,Islamabad United,NA,NA,NA,NA,NA,Islamabad United
SW Tait,addfb70e,NA,NA,NA,NA,NA,NA,Peshawar Zalmi
T Banton,25f7b7d6,NA,NA,NA,Peshawar Zalmi,Quetta Gladiators,NA,NA
T Kohler-Cadmore,f836b33d,NA,Quetta Gladiators,NA,NA,Peshawar Zalmi,Peshawar Zalmi,NA
TA Lammonby,73f1f6b0,NA,NA,NA,NA,NA,Karachi Kings,NA
Tamim Iqbal,3b041a12,Peshawar Zalmi,Peshawar Zalmi,NA,Lahore Qalandars,NA,NA,Peshawar Zalmi
TH David,f1f99156,NA,NA,NA,NA,Lahore Qalandars,Multan Sultans,NA
TJ Moores,85dcb721,NA,NA,Multan Sultans,NA,NA,NA,NA
TS Mills,245c97cb,Quetta Gladiators,Karachi Kings,Peshawar Zalmi,Quetta Gladiators,NA,NA,NA
Umaid Asif,f69f1d8a,NA,Peshawar Zalmi,Peshawar Zalmi,Karachi Kings,Peshawar Zalmi,Karachi Kings,NA
Umair Masood,aa8b4568,NA,NA,Lahore Qalandars,NA,NA,NA,NA
Umar Akmal,fd2bf2a0,Lahore Qalandars,Lahore Qalandars,Quetta Gladiators,NA,NA,Quetta Gladiators,Lahore Qalandars
Umar Amin,3029e282,NA,Quetta Gladiators,Peshawar Zalmi,Peshawar Zalmi,Islamabad United,NA,Islamabad United
Umar Gul,16dfcc19,Quetta Gladiators,Multan Sultans,NA,NA,NA,NA,Quetta Gladiators
Umar Siddiq,8efab8ed,NA,NA,Multan Sultans,NA,NA,NA,NA
Umer Khan,db3643f3,NA,NA,Karachi Kings,Karachi Kings,NA,NA,NA
Usama Mir,6dd8b88c,Karachi Kings,Karachi Kings,NA,Karachi Kings,NA,NA,Karachi Kings
Usman Khan,bafb9238,NA,NA,NA,NA,Quetta Gladiators,NA,NA
Usman Qadir,33742f04,NA,NA,NA,Multan Sultans,Multan Sultans,Peshawar Zalmi,NA
Usman Shinwari,f0e722e0,Karachi Kings,Karachi Kings,Karachi Kings,Lahore Qalandars,Quetta Gladiators,Karachi Kings,NA
UT Khawaja,331ea488,NA,NA,NA,NA,Islamabad United,NA,NA
Wahab Riaz,b3118300,Peshawar Zalmi,Peshawar Zalmi,Peshawar Zalmi,Peshawar Zalmi,Peshawar Zalmi,Peshawar Zalmi,Peshawar Zalmi
Waqar Salamkheil,3f1066d0,NA,NA,NA,NA,Peshawar Zalmi,NA,NA
Waqas Maqsood,f59b3bd1,NA,NA,Islamabad United,Karachi Kings,Karachi Kings,Islamabad United,NA
WCF Smeed,4e18e961,NA,NA,NA,NA,NA,Quetta Gladiators,NA
WD Parnell,3a60e0b5,NA,NA,Islamabad United,Karachi Kings,NA,NA,NA
WG Jacks,9caf69a1,NA,NA,NA,NA,NA,Islamabad United,NA
WL Madsen,86e0f3f0,NA,NA,Peshawar Zalmi,NA,NA,NA,NA
Yasir Khan,4f1bb625,NA,NA,NA,NA,NA,Peshawar Zalmi,NA
Yasir Shah,f2800ef3,Lahore Qalandars,Lahore Qalandars,Lahore Qalandars,Peshawar Zalmi,NA,NA,NA
Zafar Gohar,9fd3a210,NA,Islamabad United,Islamabad United,Islamabad United,Islamabad United,Islamabad United,Lahore Qalandars
Zahid Mahmood,ba158afd,NA,NA,NA,Quetta Gladiators,Quetta Gladiators,Islamabad United,NA
Zahir Khan,786b7fe8,NA,NA,NA,NA,Quetta Gladiators,Islamabad United,NA
Zahoor Khan,f0e293b0,NA,NA,NA,NA,Quetta Gladiators,NA,NA
Zaman Khan,28392e11,NA,NA,NA,NA,NA,Lahore Qalandars,NA
Zeeshan Ashraf,4b345629,NA,NA,NA,Multan Sultans,Lahore Qalandars,Lahore Qalandars,NA
Zeeshan Zameer,aad2830e,NA,NA,NA,NA,NA,Islamabad United,NA
Zia-ul-Haq,99c81226,NA,NA,NA,NA,NA,NA,Lahore Qalandars
Zohaib Khan,a3a1c7ef,Islamabad United,NA,NA,NA,NA,NA,Lahore Qalandars
Zulfiqar Babar,3a0f6df2,Quetta Gladiators,NA,NA,NA,NA,NA,Quetta Gladiators
